,County,County Code,Deaths sum,summed_crude_rate,summed_adjusted_rate
1,"Baldwin County, AL",01003,34.0,15.23065482856554,13.934429948048843
2,"Calhoun County, AL",01015,15.0,13.203644205800801,
3,"Colbert County, AL",01033,12.0,21.72299560109339,
4,"DeKalb County, AL",01049,18.0,25.170248765958636,
5,"Elmore County, AL",01051,12.0,14.776687312982551,
6,"Etowah County, AL",01055,16.0,15.645167598857903,
7,"Houston County, AL",01069,11.0,10.38892351863395,
9,"Jefferson County, AL",01073,69.0,10.477198427509176,10.34623357206325
10,"Lee County, AL",01081,10.0,6.077475659709982,
12,"Madison County, AL",01089,57.0,15.285230444961105,14.411787846239495
14,"Mobile County, AL",01097,54.0,13.068415575615303,12.684050045067432
15,"Montgomery County, AL",01101,17.0,7.505982709748063,
16,"Morgan County, AL",01103,10.0,8.355684790146976,
17,"Shelby County, AL",01117,11.0,5.052778568869371,
18,"Talladega County, AL",01121,12.0,15.004126134687038,
19,"Tuscaloosa County, AL",01125,17.0,8.120178643930167,
20,"Walker County, AL",01127,10.0,15.742825207411721,
22,"Anchorage Borough, AK",02020,44.0,15.277777777777779,14.983975059456297
24,"Fairbanks North Star Borough, AK",02090,24.0,24.78084440727318,
25,"Matanuska-Susitna Borough, AK",02170,16.0,14.77145785056824,
26,"Cochise County, AZ",04003,16.0,12.706278489858802,
27,"Coconino County, AZ",04005,22.0,15.333574953302294,14.732258324308177
28,"Gila County, AZ",04007,12.0,22.214817283127847,
37,"Maricopa County, AZ",04013,700.0,15.606140258179066,15.606140258179066
39,"Mohave County, AZ",04015,52.0,24.507378134705746,21.690437581933658
40,"Navajo County, AZ",04017,19.0,17.128844974937795,
45,"Pima County, AZ",04019,218.0,20.815847543968705,18.177218178209642
47,"Pinal County, AZ",04021,54.0,11.668384512164291,11.01285744866965
50,"Yavapai County, AZ",04025,74.0,31.476101557216325,
51,"Yuma County, AZ",04027,20.0,9.35510578285864,9.554151678236774
52,"Baxter County, AR",05005,11.0,26.232948583420775,
54,"Benton County, AR",05007,33.0,11.82198243898245,11.82198243898245
55,"Garland County, AR",05051,21.0,21.12973658261727,19.827903635250983
57,"Pulaski County, AR",05119,47.0,11.992518709604987,12.24768008135197
58,"Saline County, AR",05125,25.0,20.418664292656633,18.917291703423544
59,"Washington County, AR",05143,15.0,6.2712438385029285,
62,"Alameda County, CA",06001,105.0,6.2824255427866085,5.9517713303483175
64,"Butte County, CA",06007,29.0,13.230772038360113,
66,"Contra Costa County, CA",06013,76.0,6.588494754344506,5.906925965859488
68,"El Dorado County, CA",06017,25.0,12.96391364996396,
70,"Fresno County, CA",06019,71.0,7.106388643390408,7.3037884220565354
71,"Humboldt County, CA",06023,10.0,7.376916153970994,
74,"Kern County, CA",06029,92.0,10.219928416066617,11.997308065584988
75,"Kings County, CA",06031,13.0,8.500065385118347,
86,"Los Angeles County, CA",06037,833.0,8.297550768210758,8.297550768210758
87,"Madera County, CA",06039,11.0,6.991806873581776,
88,"Marin County, CA",06041,14.0,5.409039277352353,
89,"Merced County, CA",06047,11.0,3.9613944108326127,
90,"Monterey County, CA",06053,19.0,4.377264946631925,
97,"Orange County, CA",06059,306.0,9.6356951492777,
99,"Placer County, CA",06061,34.0,8.535657710083875,
106,"Riverside County, CA",06065,285.0,11.535911494867937,
109,"Sacramento County, CA",06067,162.0,10.437754259183613,9.928596000404811
114,"San Bernardino County, CA",06071,196.0,8.990475142024279,8.990475142024279
124,"San Diego County, CA",06073,405.0,12.131814410199112,
127,"San Francisco County, CA",06075,64.0,7.2599481140583215,
129,"San Joaquin County, CA",06077,55.0,7.2164461495667505,7.449235373299569
130,"San Luis Obispo County, CA",06079,19.0,6.71114863074907,
132,"San Mateo County, CA",06081,36.0,4.696225930211473,
134,"Santa Barbara County, CA",06083,47.0,10.526339364701824,9.452222987757384
138,"Santa Clara County, CA",06085,115.0,5.965188199094121,
139,"Santa Cruz County, CA",06087,15.0,5.490221914769795,
141,"Shasta County, CA",06089,36.0,19.991115059973346,
143,"Solano County, CA",06095,38.0,8.488907455271278,
146,"Sonoma County, CA",06097,52.0,10.519161056447436,
149,"Stanislaus County, CA",06099,49.0,8.898412813714453,
151,"Tulare County, CA",06107,24.0,5.148060361007733,
154,"Ventura County, CA",06111,64.0,7.564958168145379,6.647993965282484
156,"Adams County, CO",08001,74.0,14.30170016292342,15.477182998673003
159,"Arapahoe County, CO",08005,95.0,14.468694314564644,13.355717032766085
161,"Boulder County, CO",08013,29.0,8.890360396816638,
165,"Denver County, CO",08031,124.0,17.05144724158463,
168,"Douglas County, CO",08035,35.0,9.96713692567933,
171,"El Paso County, CO",08041,158.0,21.932168522340966,21.28232740228906
172,"Fremont County, CO",08043,17.0,35.535859863291456,
173,"Garfield County, CO",08045,10.0,16.649739431577895,
175,"Jefferson County, CO",08059,77.0,13.210243600323222,12.061527039387943
177,"Larimer County, CO",08069,50.0,14.009565731481455,12.822314369998782
179,"Mesa County, CO",08077,28.0,18.157058556513846,
180,"Montrose County, CO",08085,10.0,23.387436269236165,
181,"Park County, CO",08093,10.0,53.06447333510215,
183,"Pueblo County, CO",08101,31.0,18.405927896261815,18.560600647115255
185,"Weld County, CO",08123,48.0,14.792352353833069,15.30836312791387
188,"Fairfield County, CT",09001,57.0,6.04241136736589,
191,"Hartford County, CT",09003,88.0,9.868568608980398,9.04618749942368
194,"New Haven County, CT",09009,65.0,7.604500460364759,7.273870537658283
196,"New London County, CT",09011,28.0,10.557830516654978,
197,"Tolland County, CT",09013,11.0,7.298253063607593,
199,"New Castle County, DE",10003,41.0,7.33776820885078,
200,"Sussex County, DE",10005,11.0,4.696338990287117,
202,"District of Columbia, DC",11001,27.0,3.825722742788159,
204,"Alachua County, FL",12001,23.0,8.548819333712455,
205,"Bay County, FL",12005,21.0,12.02026272859964,10.617899364531374
207,"Brevard County, FL",12009,94.0,15.616122483561538,11.897998304331036
211,"Broward County, FL",12011,187.0,9.57610132846642,
214,"Charlotte County, FL",12015,41.0,21.703456672489544,16.379966250445815
215,"Citrus County, FL",12017,34.0,22.718616569889814,16.01312115518728
216,"Clay County, FL",12019,17.0,7.753635086567055,
218,"Collier County, FL",12021,33.0,8.573610945123693,
222,"Duval County, FL",12031,141.0,14.721927841671407,13.571777229040828
224,"Escambia County, FL",12033,40.0,12.566129255205519,11.531271613517978
225,"Flagler County, FL",12035,12.0,10.427438065362656,
227,"Hernando County, FL",12053,36.0,18.564356435643564,14.54669724006464
228,"Highlands County, FL",12055,12.0,11.29720111842291,
233,"Hillsborough County, FL",12057,188.0,12.772016782973543,12.216712599119525
234,"Indian River County, FL",12061,19.0,11.880717595342759,
236,"Lake County, FL",12069,52.0,14.164383113876191,12.184414937284092
240,"Lee County, FL",12071,107.0,13.885698638812213,10.856092069373323
241,"Leon County, FL",12073,10.0,3.406203377591269,
243,"Manatee County, FL",12081,59.0,14.631013284464094,13.08350333731667
245,"Marion County, FL",12083,61.0,16.685859964604095,11.634178210455364
246,"Martin County, FL",12085,16.0,9.937888198757763,
250,"Miami-Dade County, FL",12086,235.0,8.649436498413657,6.919549301840243
251,"Okaloosa County, FL",12091,20.0,9.490457345139463,9.090859760399224
255,"Orange County, FL",12095,103.0,7.391714963988713,
257,"Osceola County, FL",12097,38.0,10.113080204710034,9.797045845526291
263,"Palm Beach County, FL",12099,201.0,13.428916934465548,
265,"Pasco County, FL",12101,91.0,16.427564369876542,14.564645567186274
269,"Pinellas County, FL",12103,152.0,15.589807547928402,
272,"Polk County, FL",12105,102.0,14.073294268443949,12.314131646054749
274,"St. Johns County, FL",12109,38.0,14.357393301898197,11.449566951196983
276,"St. Lucie County, FL",12111,39.0,11.879487171676866,8.99446938455214
277,"Santa Rosa County, FL",12113,21.0,11.393661868669058,10.494162283201247
280,"Sarasota County, FL",12115,69.0,15.908074385233618,14.758091961969594
282,"Seminole County, FL",12117,43.0,9.113529139979569,8.423110380964774
283,"Sumter County, FL",12119,20.0,15.103458692040476,12.702908405741253
285,"Volusia County, FL",12127,97.0,17.531683547689795,12.91808244909199
286,"Bibb County, GA",13021,13.0,8.48791125562324,
288,"Chatham County, GA",13051,58.0,20.039387762153197,18.497896487713767
290,"Cherokee County, GA",13057,25.0,9.660976995281578,
291,"Clayton County, GA",13063,13.0,4.4481550421548235,
293,"Cobb County, GA",13067,61.0,8.024826972890557,8.199279691578006
294,"Coweta County, GA",13077,21.0,14.140557137951236,13.438543184808758
297,"DeKalb County, GA",13089,77.0,10.140959334753067,
298,"Douglas County, GA",13097,15.0,10.24989237613005,
301,"Fulton County, GA",13121,86.0,8.083185376577749,8.083185376577749
303,"Gwinnett County, GA",13135,87.0,9.292389853137516,9.808632872292451
305,"Hall County, GA",13139,28.0,13.695882919766582,
306,"Henry County, GA",13151,20.0,8.526566650039861,8.42625359897198
307,"Houston County, GA",13153,15.0,9.501909883886661,
308,"Jackson County, GA",13157,10.0,13.702947504008112,
309,"Muscogee County, GA",13215,16.0,8.17289764978112,
310,"Newton County, GA",13217,14.0,12.528636884306987,
311,"Paulding County, GA",13223,14.0,8.30037885300622,
312,"Richmond County, GA",13245,13.0,6.419182492420426,
313,"Whitfield County, GA",13313,15.0,14.336506480100928,
315,"Hawaii County, HI",15001,37.0,18.361098291425368,
318,"Honolulu County, HI",15003,103.0,10.568839572198,
319,"Maui County, HI",15009,18.0,10.751596313397087,
322,"Ada County, ID",16001,61.0,12.666454866929547,
323,"Bannock County, ID",16005,11.0,12.527332361516036,
324,"Bonner County, ID",16017,12.0,26.235816261833445,
325,"Bonneville County, ID",16019,15.0,12.598478103845055,
327,"Canyon County, ID",16027,35.0,15.227388415873028,15.562056273197202
328,"Kootenai County, ID",16055,14.0,8.449157196569642,
329,"Twin Falls County, ID",16083,10.0,11.510393885678768,
337,"Cook County, IL",17031,438.0,8.504469603608225,8.504469603608225
339,"DuPage County, IL",17043,57.0,6.176043236636722,5.929001742768605
341,"Kane County, IL",17089,38.0,7.137450390024099,
343,"Lake County, IL",17097,43.0,6.173415549828795,
345,"McHenry County, IL",17111,22.0,7.14810217887151,
346,"Macon County, IL",17115,10.0,9.614552586795375,
347,"Madison County, IL",17119,16.0,6.084436771293627,
348,"St. Clair County, IL",17163,13.0,5.006045762959882,
349,"Sangamon County, IL",17167,20.0,10.273691131749816,10.572925603134019
351,"Will County, IL",17197,52.0,7.52812551122487,7.177979522936188
353,"Winnebago County, IL",17201,28.0,9.908978950497572,
355,"Allen County, IN",18003,37.0,9.754837212858456,10.074668722748173
356,"Clark County, IN",18019,16.0,13.524707950837687,
357,"Delaware County, IN",18035,12.0,10.513865159679327,
358,"Elkhart County, IN",18039,17.0,8.238789188770046,
360,"Hamilton County, IN",18057,30.0,8.875450798938495,
361,"Johnson County, IN",18081,12.0,7.586917625041886,
363,"Lake County, IN",18089,37.0,7.6211191510485214,7.770552396731567
364,"La Porte County, IN",18091,12.0,10.920209668025626,
366,"Madison County, IN",18095,27.0,20.83831780750025,
368,"Marion County, IN",18097,92.0,9.537810160255944,9.822521810722769
369,"Morgan County, IN",18109,11.0,15.605271744527515,
371,"St. Joseph County, IN",18141,34.0,12.50800144209899,
372,"Tippecanoe County, IN",18157,13.0,6.641734616720822,
373,"Vanderburgh County, IN",18163,16.0,8.817807562372211,
374,"Black Hawk County, IA",19013,10.0,7.620324930655044,
376,"Linn County, IA",19113,31.0,13.674097730099778,
378,"Polk County, IA",19153,62.0,12.648905155652939,12.205084107297905
380,"Johnson County, KS",20091,61.0,10.126145208922297,9.794140843754542
381,"Reno County, KS",20155,11.0,17.742507822832994,
384,"Sedgwick County, KS",20173,74.0,14.339918068684332,14.339918068684332
385,"Shawnee County, KS",20177,19.0,10.742049469964664,
386,"Wyandotte County, KS",20209,11.0,6.6493782831305275,
388,"Fayette County, KY",21067,24.0,7.426845571124424,
390,"Hardin County, KY",21093,24.0,21.629805872492295,
393,"Jefferson County, KY",21111,106.0,13.8244580747225,13.205453005825676
394,"Kenton County, KY",21117,16.0,9.580953065306172,
395,"Bossier Parish, LA",22015,10.0,7.871598485504452,
396,"Caddo Parish, LA",22017,18.0,7.493630414147974,
398,"Calcasieu Parish, LA",22019,36.0,17.69598301185631,
400,"East Baton Rouge Parish, LA",22033,55.0,12.498324088360878,12.893008885207166
402,"Jefferson Parish, LA",22051,50.0,11.560880754139372,10.84724518688132
403,"Lafayette Parish, LA",22055,25.0,10.229551127296533,9.627813471286014
404,"Livingston Parish, LA",22063,11.0,7.813110399249941,
406,"Orleans Parish, LA",22071,29.0,7.433152887139108,
407,"Ouachita Parish, LA",22073,12.0,7.8288610964319965,
408,"Rapides Parish, LA",22079,15.0,11.56978896704924,
409,"St. Landry Parish, LA",22097,12.0,14.612050070624909,
411,"St. Tammany Parish, LA",22103,36.0,13.823876138069803,13.823876138069803
412,"Terrebonne Parish, LA",22109,11.0,9.958265813273462,
413,"Androscoggin County, ME",23001,11.0,10.159128900874608,
415,"Cumberland County, ME",23005,26.0,8.81346969352854,
416,"Somerset County, ME",23025,10.0,19.80825608113462,
418,"York County, ME",23031,32.0,15.411214548186534,
420,"Anne Arundel County, MD",24003,44.0,7.596239171043136,6.728097150469484
422,"Baltimore County, MD",24005,63.0,7.614489285325791,6.309148342788615
423,"Cecil County, MD",24015,10.0,9.72242477273832,
424,"Frederick County, MD",24021,10.0,3.8528667254870985,
426,"Harford County, MD",24025,22.0,8.61255632416096,
428,"Howard County, MD",24027,21.0,6.447849181737235,
431,"Montgomery County, MD",24031,47.0,4.473259426204544,
433,"Prince George's County, MD",24033,44.0,4.838743378344644,4.838743378344644
434,"Wicomico County, MD",24045,10.0,9.651671186866006,
436,"Baltimore city, MD",24510,39.0,6.571298589698226,
437,"Barnstable County, MA",25001,13.0,6.1035729376966055,
438,"Berkshire County, MA",25003,11.0,8.80394416698681,
439,"Bristol County, MA",25005,29.0,5.130772782842696,5.130772782842696
441,"Essex County, MA",25009,50.0,6.3368625433124555,
443,"Hampden County, MA",25013,33.0,7.075896494643762,
446,"Middlesex County, MA",25017,84.0,5.211891302284111,
447,"Norfolk County, MA",25021,31.0,4.386120052350465,3.9873817231732627
448,"Plymouth County, MA",25023,29.0,5.56406153468329,5.56406153468329
449,"Suffolk County, MA",25025,28.0,3.4829899478422255,3.1844479701073816
451,"Worcester County, MA",25027,58.0,6.982718974455288,6.7141530841621915
452,"Berrien County, MI",26021,12.0,7.82263479377579,
454,"Genesee County, MI",26049,43.0,10.596013434759358,10.456592105632796
456,"Ingham County, MI",26065,25.0,8.54975616095429,
457,"Jackson County, MI",26075,11.0,6.939625260235948,
459,"Kalamazoo County, MI",26077,22.0,8.299819667554496,
461,"Kent County, MI",26081,52.0,7.915306223409519,7.689154630506076
466,"Macomb County, MI",26099,132.0,15.103458692040476,
467,"Monroe County, MI",26115,10.0,6.64451827242525,
468,"Montcalm County, MI",26117,10.0,15.652391685449537,
472,"Oakland County, MI",26125,131.0,10.416799195918523,9.497669599441753
474,"Ottawa County, MI",26139,20.0,6.8533050063393075,
475,"Saginaw County, MI",26145,20.0,10.4965387663418,8.89706566211658
477,"St. Clair County, MI",26147,22.0,13.825348147403348,
479,"Washtenaw County, MI",26161,30.0,8.161022412887887,
481,"Wayne County, MI",26163,162.0,9.260619558314179,9.260619558314179
482,"Anoka County, MN",27003,13.0,3.642262573510665,
484,"Dakota County, MN",27037,22.0,5.127954109472497,
490,"Hennepin County, MN",27053,141.0,11.138822113010855,
491,"Olmsted County, MN",27109,10.0,6.317398747891568,
493,"Ramsey County, MN",27123,38.0,6.905060864477278,
495,"St. Louis County, MN",27137,24.0,12.0560606821721,
496,"Washington County, MN",27163,11.0,4.191434232586496,
497,"DeSoto County, MS",28033,16.0,8.65122063316121,
498,"Forrest County, MS",28035,10.0,13.351669626286768,
499,"Harrison County, MS",28047,17.0,8.169934640522875,
500,"Hinds County, MS",28049,20.0,8.62663906142167,8.526328742874336
501,"Jackson County, MS",28059,15.0,10.444445991769777,
502,"Madison County, MS",28089,10.0,9.409816320385426,
503,"Rankin County, MS",28121,19.0,12.236670080053583,
504,"Boone County, MO",29019,13.0,7.203692723716219,
505,"Cape Girardeau County, MO",29031,10.0,12.67893141965995,
506,"Cass County, MO",29037,19.0,17.961807525051995,
507,"Christian County, MO",29043,14.0,15.802246176420791,
509,"Clay County, MO",29047,48.0,19.203994430841615,17.34554398459899
511,"Greene County, MO",29077,46.0,15.695051964269872,14.284262048327161
514,"Jackson County, MO",29095,111.0,15.789226626610395,15.962733660065075
517,"Jefferson County, MO",29099,46.0,20.43708709309093,
518,"St. Charles County, MO",29183,25.0,6.218565153150823,6.017966468548727
521,"St. Louis County, MO",29189,100.0,10.058287777671607,
523,"St. Louis city, MO",29510,33.0,10.978920472692431,
524,"Cascade County, MT",30013,11.0,13.5191603372416,
525,"Flathead County, MT",30029,15.0,14.450031790069938,
527,"Yellowstone County, MT",30111,35.0,21.698698078115314,21.220049869918114
529,"Douglas County, NE",31055,67.0,11.727084489267968,11.298045221995455
531,"Lancaster County, NE",31109,25.0,7.83478015606882,
532,"Sarpy County, NE",31153,10.0,5.341994487061689,
538,"Clark County, NV",32003,369.0,16.27906463759229,
539,"Elko County, NV",32007,13.0,24.631475235893742,
540,"Nye County, NV",32023,11.0,23.64421898845732,
543,"Washoe County, NV",32031,85.0,18.02684515364174,16.69855120973267
546,"Hillsborough County, NH",33011,68.0,16.305976859900486,15.302532189870423
547,"Rockingham County, NH",33015,16.0,5.165139184359958,
548,"Atlantic County, NJ",34001,12.0,4.551143474798043,
552,"Bergen County, NJ",34003,72.0,7.7236478788932015,
554,"Burlington County, NJ",34005,35.0,7.859004960154844,
556,"Camden County, NJ",34007,36.0,7.108008158413809,
557,"Cumberland County, NJ",34011,13.0,8.694082005256575,
558,"Essex County, NJ",34013,26.0,3.2541694045495793,3.1555583045152824
559,"Hudson County, NJ",34017,19.0,2.825736810873435,
560,"Mercer County, NJ",34021,14.0,3.810249571346923,
562,"Middlesex County, NJ",34023,39.0,4.726917492261188,
563,"Monmouth County, NJ",34025,32.0,5.171341074184504,4.773545938885947
564,"Morris County, NJ",34027,17.0,3.456373450985575,
566,"Ocean County, NJ",34029,48.0,7.905320610158996,
567,"Passaic County, NJ",34031,12.0,2.391267092577906,
568,"Somerset County, NJ",34035,10.0,3.040123550621097,
569,"Union County, NJ",34039,15.0,2.6961881292229046,
571,"Bernalillo County, NM",35001,127.0,18.700643920597358,17.542197583368274
572,"Dona Ana County, NM",35013,17.0,7.791195948578107,
573,"Eddy County, NM",35015,14.0,23.947998631542934,
574,"McKinley County, NM",35031,12.0,16.814494093908948,
576,"Sandoval County, NM",35043,34.0,23.16896993485431,
578,"San Juan County, NM",35045,27.0,21.78157117733426,
580,"Santa Fe County, NM",35049,28.0,18.622221631040585,
582,"Albany County, NY",36001,26.0,8.51047115277605,
584,"Bronx County, NY",36005,42.0,2.9614858761802756,
586,"Dutchess County, NY",36027,23.0,7.817332726073864,
588,"Erie County, NY",36029,65.0,7.075199575052628,5.943167457489714
589,"Jefferson County, NY",36045,14.0,12.746508367172277,
593,"Kings County, NY",36047,116.0,4.531421698400291,4.531421698400291
596,"Monroe County, NY",36055,67.0,9.032449411542661,7.828122356744493
599,"Nassau County, NY",36059,61.0,4.495461794470434,
602,"New York County, NY",36061,98.0,6.017046661582876,5.3227722674888085
603,"Niagara County, NY",36063,10.0,4.77826462985173,
604,"Oneida County, NY",36065,15.0,6.559642455755212,
605,"Onondaga County, NY",36067,20.0,4.342841260466248,4.645829812384412
607,"Orange County, NY",36071,32.0,8.312983841637658,
612,"Queens County, NY",36081,116.0,5.146730628105232,
613,"Richmond County, NY",36085,14.0,2.940293147226779,
614,"Saratoga County, NY",36091,14.0,6.090584391572371,
618,"Suffolk County, NY",36103,109.0,7.381818107938434,6.561616584823771
619,"Ulster County, NY",36111,11.0,6.19463544570402,
620,"Westchester County, NY",36119,28.0,2.8940389000171574,2.794244401655068
621,"Brunswick County, NC",37019,10.0,7.001820473323065,
623,"Buncombe County, NC",37021,31.0,11.868709105597054,
624,"Cumberland County, NC",37051,16.0,4.7688735622591345,
625,"Durham County, NC",37063,10.0,3.1105360075648236,
627,"Forsyth County, NC",37067,22.0,5.7547182149910405,
628,"Gaston County, NC",37071,17.0,7.571405030085201,
630,"Guilford County, NC",37081,30.0,5.584782584413989,
631,"Henderson County, NC",37089,10.0,8.516654317517906,
632,"Iredell County, NC",37097,12.0,6.600442229629385,
633,"Lincoln County, NC",37109,11.0,12.774210031238749,
636,"Mecklenburg County, NC",37119,69.0,6.214223186077258,
639,"New Hanover County, NC",37129,34.0,14.50060348099781,
640,"Onslow County, NC",37133,13.0,6.567713122290819,
641,"Union County, NC",37179,14.0,5.8367624312616995,
645,"Wake County, NC",37183,86.0,7.735475520368136,
647,"Cass County, ND",38017,23.0,12.642711476833606,
648,"Ashtabula County, OH",39007,12.0,12.34047366851431,
650,"Butler County, OH",39017,42.0,10.962222094619637,11.713058973769176
651,"Clark County, OH",39023,13.0,9.695487123647293,
653,"Clermont County, OH",39025,38.0,18.40835545565524,17.054799713817623
654,"Columbiana County, OH",39029,13.0,12.759734204921333,
657,"Cuyahoga County, OH",39035,152.0,12.306974816043112,
658,"Delaware County, OH",39041,10.0,4.7806403189643225,
659,"Fairfield County, OH",39045,11.0,6.9808470940637415,
662,"Franklin County, OH",39049,124.0,9.417082587814296,9.617447145848033
663,"Greene County, OH",39057,11.0,6.511303030123655,
665,"Hamilton County, OH",39061,78.0,9.541599539067345,9.718295152785005
666,"Jefferson County, OH",39081,11.0,16.8388825105243,
668,"Lake County, OH",39085,27.0,11.731530443321502,
669,"Licking County, OH",39089,16.0,9.046601304972238,
671,"Lorain County, OH",39093,36.0,11.619162581132418,11.291862665678302
673,"Lucas County, OH",39095,45.0,10.505476855267213,9.816592695915936
675,"Mahoning County, OH",39099,22.0,9.620304089066524,
676,"Medina County, OH",39103,17.0,9.457790437617527,
678,"Montgomery County, OH",39113,71.0,13.353721268340209,11.93979792420412
679,"Portage County, OH",39133,14.0,8.617187596173968,
681,"Stark County, OH",39151,51.0,13.761245095870008,12.481128662591589
683,"Summit County, OH",39153,60.0,11.090306517588303,11.284873878452817
684,"Trumbull County, OH",39155,13.0,6.566518835806722,
686,"Warren County, OH",39165,26.0,11.08259946633021,
687,"Wayne County, OH",39169,12.0,10.370754472387866,
688,"Canadian County, OK",40017,13.0,8.765660189068548,
690,"Cleveland County, OK",40027,43.0,15.140098727527517,14.481834624823955
691,"Creek County, OK",40037,10.0,13.981711920807584,
694,"Oklahoma County, OK",40109,143.0,17.93251855325958,
695,"Rogers County, OK",40131,10.0,10.81560475453985,
698,"Tulsa County, OK",40143,86.0,13.199253474780216,13.903214562226708
700,"Clackamas County, OR",41005,52.0,12.434628527429117,11.360030899715765
702,"Deschutes County, OR",41017,25.0,12.64593407927483,
704,"Douglas County, OR",41019,33.0,29.735087403135704,27.632606117590893
707,"Jackson County, OR",41029,52.0,23.53537547975958,
709,"Klamath County, OR",41035,21.0,30.77464169524312,
711,"Lane County, OR",41039,77.0,20.153533280812006,18.554046607830433
712,"Linn County, OR",41043,10.0,7.707188494709015,
714,"Marion County, OR",41047,33.0,9.487720589503706,9.3241388295215
719,"Multnomah County, OR",41051,133.0,16.362081798106672,
721,"Washington County, OR",41067,62.0,10.305988111544035,9.651639699019636
725,"Allegheny County, PA",42003,159.0,13.075174027276951,11.318808053181915
726,"Beaver County, PA",42007,11.0,6.710222108351787,
728,"Berks County, PA",42011,38.0,9.022613518724297,
729,"Blair County, PA",42013,11.0,9.029048912820429,
731,"Bucks County, PA",42017,75.0,11.937542776194947,10.74378892549525
732,"Butler County, PA",42019,12.0,6.387973575082644,
733,"Centre County, PA",42027,13.0,8.005665547926224,
735,"Chester County, PA",42029,41.0,7.809687441070194,
736,"Clearfield County, PA",42033,12.0,15.141000567787522,
737,"Columbia County, PA",42037,14.0,21.550397143033063,
739,"Dauphin County, PA",42043,28.0,10.06112131197022,
742,"Delaware County, PA",42045,63.0,11.116071192260392,10.18973148452571
744,"Erie County, PA",42049,30.0,11.122315814450113,
745,"Fayette County, PA",42051,16.0,12.376812042638118,
746,"Franklin County, PA",42055,16.0,10.320782831377759,
747,"Lackawanna County, PA",42069,17.0,8.107824527599988,
749,"Lancaster County, PA",42071,45.0,8.245926512302923,7.5809325814223545
750,"Lawrence County, PA",42073,12.0,14.033118158854897,
751,"Lebanon County, PA",42075,11.0,7.757787761031928,
752,"Lehigh County, PA",42077,20.0,5.415387281421431,4.312252847160852
754,"Luzerne County, PA",42079,54.0,17.012321331245648,14.318704327938883
755,"Mercer County, PA",42085,14.0,12.794268167860798,
758,"Montgomery County, PA",42091,89.0,10.71108356450419,9.313986041358598
759,"Northampton County, PA",42095,10.0,3.2756276921565095,
763,"Philadelphia County, PA",42101,141.0,8.901155508868328,
764,"Schuylkill County, PA",42107,18.0,12.73353659830644,
766,"Washington County, PA",42125,32.0,15.469025693084863,12.917434596123321
767,"Wayne County, PA",42127,10.0,19.47002589513444,
769,"Westmoreland County, PA",42129,45.0,12.897715384681527,9.673286538511146
772,"York County, PA",42133,60.0,13.361302994268001,12.359205428977045
774,"Providence County, RI",44007,40.0,6.2604569194482655,
775,"Aiken County, SC",45003,22.0,12.875134603679948,12.17648432302678
776,"Anderson County, SC",45007,25.0,12.342143978514795,11.43905966271933
777,"Beaufort County, SC",45013,12.0,6.246031167695527,
778,"Berkeley County, SC",45015,28.0,12.285713032070099,12.08594553100504
780,"Charleston County, SC",45019,52.0,12.639582310418417,12.065054882918544
782,"Greenville County, SC",45045,64.0,12.224425165507256,12.094378833413794
784,"Horry County, SC",45051,40.0,11.29685015575532,9.643652801908845
785,"Kershaw County, SC",45055,15.0,22.539105347778396,
786,"Lexington County, SC",45063,31.0,10.376569037656905,9.578372085443602
787,"Pickens County, SC",45077,17.0,13.398064373758709,
789,"Richland County, SC",45079,49.0,11.78567391205001,11.314246702674883
791,"Spartanburg County, SC",45083,45.0,14.071954594493176,13.426452144023553
793,"York County, SC",45091,41.0,14.59183782417903,14.308501327836574
794,"Minnehaha County, SD",46099,12.0,6.213302681040107,
795,"Pennington County, SD",46103,13.0,11.42606020654801,
796,"Bradley County, TN",47011,10.0,9.249838127832763,
797,"Coffee County, TN",47031,11.0,19.462137296532198,
798,"Cumberland County, TN",47035,10.0,16.523463317911435,
800,"Davidson County, TN",47037,59.0,8.499677300387239,8.130126708141995
801,"Dickson County, TN",47043,10.0,18.536368354711946,
803,"Hamilton County, TN",47065,54.0,14.681732661961261,13.373458969256102
806,"Knox County, TN",47093,60.0,12.75746152030669,
807,"Maury County, TN",47119,11.0,11.412327388548249,
809,"Montgomery County, TN",47125,27.0,12.91909298397554,
810,"Putnam County, TN",47141,10.0,12.461835628388062,
812,"Rutherford County, TN",47149,40.0,12.037859066764977,12.181167801146472
813,"Sevier County, TN",47155,12.0,12.213740458015266,
816,"Shelby County, TN",47157,92.0,9.816830742899336,9.510054197055023
818,"Sullivan County, TN",47163,27.0,17.05105211306742,
819,"Sumner County, TN",47165,16.0,8.364569773581552,
820,"Williamson County, TN",47187,20.0,8.388839487945239,7.689769697287735
821,"Wilson County, TN",47189,18.0,12.443227773284391,
822,"Anderson County, TX",48001,13.0,22.516670996795703,
824,"Bell County, TX",48027,55.0,15.15468803385833,14.832247901363038
826,"Bexar County, TX",48029,208.0,10.381551982127759,10.381551982127759
827,"Bowie County, TX",48037,14.0,15.014209877205213,
828,"Brazoria County, TX",48039,19.0,5.076630399931599,
829,"Cameron County, TX",48061,10.0,2.363155568894256,
833,"Collin County, TX",48085,86.0,8.311346921419114,8.800249156966835
835,"Comal County, TX",48091,35.0,22.405879302729037,21.904256893317402
839,"Dallas County, TX",48113,243.0,9.220205834455188,9.220205834455188
841,"Denton County, TX",48121,88.0,9.918767548046848,9.613574718605548
842,"Ector County, TX",48135,10.0,6.016014630947582,
846,"El Paso County, TX",48141,86.0,10.247391085723002,10.49137810020162
849,"Fort Bend County, TX",48157,60.0,7.39200283852909,7.39200283852909
852,"Galveston County, TX",48167,43.0,12.567991371927784,
853,"Grayson County, TX",48181,16.0,11.74639532493466,
854,"Gregg County, TX",48183,12.0,9.681713663318408,
860,"Harris County, TX",48201,466.0,9.886863307749838,
861,"Hays County, TX",48209,13.0,5.647484045857571,
862,"Henderson County, TX",48213,12.0,14.503789114906269,
864,"Hidalgo County, TX",48215,47.0,5.410339734801262,5.7593942233188065
866,"Jefferson County, TX",48245,34.0,13.515393635839644,13.515393635839644
867,"Johnson County, TX",48251,14.0,7.9628249827946105,
868,"Kaufman County, TX",48257,11.0,8.07908691628597,
869,"Liberty County, TX",48291,11.0,12.468969269658464,
871,"Lubbock County, TX",48303,43.0,13.845554450057797,13.845554450057797
872,"McLennan County, TX",48309,27.0,10.521270501864603,10.721675642335994
874,"Montgomery County, TX",48339,77.0,12.677171706528414,12.83367839467876
876,"Nueces County, TX",48355,51.0,14.076965116728404,13.786718395990654
877,"Parker County, TX",48367,14.0,9.798569408866307,
878,"Potter County, TX",48375,16.0,13.62687901886471,
879,"Randall County, TX",48381,20.0,14.522957164537843,13.721690132523543
881,"Smith County, TX",48423,42.0,18.045035252265293,17.909357737479944
885,"Tarrant County, TX",48439,227.0,10.796593603375007,
886,"Tom Green County, TX",48451,10.0,8.389261744966444,
891,"Travis County, TX",48453,146.0,11.460382399992465,11.709521088419082
892,"Victoria County, TX",48469,10.0,10.85964988488771,
894,"Williamson County, TX",48491,59.0,9.990669730472051,10.137591484270834
896,"Davis County, UT",49011,39.0,10.971050492150074,
901,"Salt Lake County, UT",49035,225.0,19.389247326653667,19.8621553470348
904,"Utah County, UT",49049,79.0,12.416795680841199,12.945171382342583
905,"Washington County, UT",49053,10.0,5.632025952375589,
908,"Weber County, UT",49057,42.0,16.140623258638115,
911,"Chesterfield County, VA",51041,38.0,10.770913997086184,
914,"Fairfax County, VA",51059,65.0,5.664330057898168,5.097896917060199
915,"Henrico County, VA",51087,14.0,4.231934175286713,
916,"Loudoun County, VA",51107,11.0,2.6599732068153354,
917,"Prince William County, VA",51153,13.0,2.76398737070386,
918,"Chesapeake city, VA",51550,26.0,10.619396736577695,10.31884768873573
919,"Hampton city, VA",51650,10.0,7.43439149505613,
920,"Newport News city, VA",51700,12.0,6.695494490165993,
921,"Norfolk city, VA",51710,17.0,7.003320397788598,
923,"Virginia Beach city, VA",51810,42.0,9.333872623751594,9.06332509934036
925,"Benton County, WA",53005,25.0,12.23151817603601,
926,"Clallam County, WA",53009,10.0,12.931424655054247,
928,"Clark County, WA",53011,57.0,11.674562357524255,11.320788078015347
929,"Cowlitz County, WA",53015,11.0,9.946379969799173,
938,"King County, WA",53033,297.0,13.183699088504792,
940,"Kitsap County, WA",53035,34.0,12.524265764919532,11.711001463364596
944,"Pierce County, WA",53053,141.0,15.580454816681033,
948,"Snohomish County, WA",53061,87.0,10.582873018904419,
951,"Spokane County, WA",53063,63.0,12.050543422124798,
952,"Thurston County, WA",53067,17.0,5.851254233554534,
954,"Whatcom County, WA",53073,33.0,14.39495391433694,13.34532071407505
955,"Yakima County, WA",53077,10.0,3.9860806065220253,
956,"Berkeley County, WV",54003,13.0,10.908694229300751,
957,"Raleigh County, WV",54081,10.0,13.631220948460355,
959,"Brown County, WI",55009,32.0,12.096377890845309,
961,"Dane County, WI",55025,34.0,6.219189859062183,
962,"Eau Claire County, WI",55035,10.0,9.556026986220209,
963,"Kenosha County, WI",55059,14.0,8.256615613260124,
964,"Manitowoc County, WI",55071,10.0,12.661272964383839,
966,"Milwaukee County, WI",55079,75.0,7.930415363435076,7.721720545711241
967,"Racine County, WI",55101,16.0,8.150332890158984,
968,"Waukesha County, WI",55133,19.0,4.700666505029713,
969,"Laramie County, WY",56021,16.0,16.08040201005025,
970,"Natrona County, WY",56025,19.0,23.79223121039846,
971,"Sweetwater County, WY",56037,11.0,25.978319911201382,
